{"accuracy": [0.5940109491348267, 0.8574293851852417, 0.9128671884536743, 0.9385305047035217, 0.9553737640380859, 0.9654456377029419], "loss": [1.3662517070770264, 0.4486425518989563, 0.2655414342880249, 0.18621328473091125, 0.13512973487377167, 0.10565461218357086], "val_accuracy": [0.8491349816322327, 0.9075802564620972, 0.9292055368423462, 0.9035966396331787, 0.9475870728492737, 0.9620419144630432], "val_loss": [0.4801209568977356, 0.2780172526836395, 0.2244522124528885, 0.32017016410827637, 0.1627136915922165, 0.1247849091887474]}